{"stats":{"minecraft:picked_up":{"minecraft:stick":2,"minecraft:crafting_table":3,"minecraft:lilac":1,"patchouli:guide_book":2,"minecraft:wooden_pickaxe":1,"minecraft:spruce_sapling":2,"minecraft:ink_sac":7,"minecraft:spruce_log":23,"alexsmobs:animal_dictionary":2,"minecraft:stone_axe":2,"ars_nouveau:worn_notebook":2,"minecraft:spruce_planks":105,"minecraft:stone_pickaxe":2,"minecraft:emerald":7,"minecraft:spruce_slab":43,"minecraft:coal":9,"iceandfire:raw_silver":6,"minecraft:cobblestone":12},"minecraft:mined":{"minecraft:spruce_planks":1,"iceandfire:silver_ore":2,"minecraft:fire":3,"minecraft:lilac":1,"treechop:chopped_log":2,"minecraft:crafting_table":1,"minecraft:grass":1,"minecraft:coal_ore":3,"minecraft:stone":8,"minecraft:oak_leaves":8},"minecraft:dropped":{"minecraft:spruce_slab":10},"minecraft:custom":{"minecraft:time_since_rest":4330,"minecraft:sprint_one_cm":25050,"minecraft:damage_taken":590,"minecraft:walk_one_cm":20559,"minecraft:mob_kills":6,"minecraft:drop":1,"minecraft:damage_dealt":1800,"minecraft:interact_with_crafting_table":3,"minecraft:swim_one_cm":36662,"minecraft:fly_one_cm":36832,"minecraft:open_chest":1,"minecraft:play_time":13688,"minecraft:deaths":2,"minecraft:sneak_time":42,"minecraft:walk_under_water_one_cm":13644,"minecraft:jump":141,"minecraft:leave_game":1,"minecraft:time_since_death":4301,"minecraft:walk_on_water_one_cm":12583,"minecraft:total_world_time":13688,"minecraft:fall_one_cm":3309},"minecraft:killed_by":{"minecraft:vindicator":2},"minecraft:killed":{"minecraft:vindicator":6},"minecraft:crafted":{"minecraft:crafting_table":1,"minecraft:spruce_planks":44,"minecraft:stick":6,"minecraft:wooden_pickaxe":1,"minecraft:stone_pickaxe":1,"minecraft:torch":4,"minecraft:stone_axe":1},"minecraft:used":{"minecraft:stone_pickaxe":20,"minecraft:spruce_planks":12,"minecraft:wooden_pickaxe":3,"minecraft:spruce_sapling":2,"minecraft:lilac":1,"minecraft:stone_axe":32,"minecraft:crafting_table":1,"alexsmobs:animal_dictionary":1}},"DataVersion":3465}