{"stats":{"minecraft:killed_by":{"minecraft:vindicator":2,"minecraft:cave_spider":1,"iceandfire:ghost":1},"minecraft:dropped":{"minecraft:wheat_seeds":48,"iceandfire:silver_axe":1,"minecraft:feather":2,"minecraft:cobblestone":3,"minecraft:book":60,"minecraft:leather":2,"minecraft:spruce_door":1,"minecraft:coal":53,"minecraft:stick":5,"minecraft:ink_sac":1,"minecraft:torch":3,"minecraft:fire_charge":2,"minecraft:bone_meal":45,"botania:white_petal":4,"botania:gray_double_flower":1,"minecraft:birch_log":13,"minecraft:white_wool":1,"minecraft:stone_axe":30,"farmersdelight:cabbage_seeds":2,"minecraft:chicken":1,"minecraft:spider_eye":2,"minecraft:spruce_slab":10,"minecraft:beef":1,"minecraft:egg":1},"minecraft:mined":{"minecraft:spruce_planks":25,"minecraft:oak_sapling":1,"iceandfire:silver_ore":20,"minecraft:mossy_cobblestone":1,"minecraft:brewing_stand":1,"biomesoplenty:bush":5,"botania:livingwood_log":8,"minecraft:grass_block":9,"minecraft:white_stained_glass":2,"iceandfire:lectern":1,"farmersdelight:wild_cabbages":1,"ars_nouveau:sourceberry_bush":2,"minecraft:composter":1,"minecraft:oxeye_daisy":1,"minecraft:furnace":7,"minecraft:iron_ore":14,"minecraft:fire":3,"treechop:chopped_log":35,"minecraft:fletching_table":1,"minecraft:gold_block":1,"minecraft:bookshelf":21,"supplementaries:stick":1,"iceandfire:gold_pile":12,"biomesoplenty:webbing":6,"minecraft:iron_bars":1,"botania:pure_daisy":1,"minecraft:iron_block":1,"irons_spellbooks:inscription_table":1,"minecraft:stone":30,"biomesoplenty:spider_egg":2,"minecraft:bone_block":13,"iceandfire:pixie_jar_empty":2,"minecraft:scaffolding":1,"minecraft:crafting_table":4,"minecraft:chest":2,"minecraft:tall_grass":2,"minecraft:cobblestone":8,"biomesoplenty:sprout":2,"minecraft:oak_planks":1,"minecraft:sugar_cane":8,"botania:white_double_flower":2,"botania:black_mystical_flower":1,"minecraft:wall_torch":1,"minecraft:wheat":58,"minecraft:lilac":1,"minecraft:tnt":1,"minecraft:black_bed":1,"minecraft:yellow_bed":2,"minecraft:stone_brick_stairs":1,"minecraft:grass":12,"botania:white_mystical_flower":7,"minecraft:oak_log":5,"minecraft:coal_ore":61,"iceandfire:silver_pile":12,"minecraft:oak_fence_gate":1,"botania:gray_double_flower":2,"minecraft:dirt":2,"minecraft:cobweb":29,"minecraft:stonecutter":1,"minecraft:stone_bricks":2,"minecraft:netherrack":1,"minecraft:piston":1,"minecraft:oak_leaves":18},"minecraft:picked_up":{"minecraft:crafting_table":6,"minecraft:wheat":55,"minecraft:chicken":2,"minecraft:wooden_pickaxe":1,"minecraft:gold_block":1,"minecraft:stone_brick_stairs":1,"minecraft:brewing_stand":1,"minecraft:string":31,"minecraft:iron_shovel":1,"minecraft:gold_nugget":72,"comforts:sleeping_bag_white":5,"botania:pure_daisy":2,"minecraft:spruce_planks":129,"minecraft:beef":15,"minecraft:iron_pickaxe":2,"minecraft:spruce_slab":43,"minecraft:sugar_cane":18,"minecraft:chest":1,"minecraft:birch_sapling":12,"irons_spellbooks:inscription_table":1,"minecraft:piston":1,"farmersdelight:cabbage_seeds":2,"minecraft:furnace":7,"minecraft:egg":1,"minecraft:stick":69,"minecraft:raw_iron":14,"minecraft:composter":1,"minecraft:torch":2,"minecraft:porkchop":15,"minecraft:white_dye":2,"botania:white_mystical_flower":7,"minecraft:tnt":1,"iceandfire:silver_ingot":1,"minecraft:rotten_flesh":4,"ars_nouveau:worn_notebook":2,"minecraft:iron_block":1,"botania:livingwood_log":8,"minecraft:gold_ingot":2,"ars_nouveau:sourceberry_bush":7,"minecraft:mutton":2,"iceandfire:silver_axe":1,"minecraft:bone_block":12,"minecraft:cobblestone":37,"minecraft:skeleton_skull":1,"minecraft:white_wool":2,"minecraft:oxeye_daisy":1,"minecraft:birch_log":49,"minecraft:feather":2,"minecraft:lilac":1,"minecraft:salmon":1,"minecraft:black_bed":1,"minecraft:leather":8,"minecraft:oak_log":149,"minecraft:yellow_bed":2,"minecraft:dirt":11,"minecraft:lantern":1,"botania:black_mystical_flower":1,"botania:white_double_flower":2,"minecraft:apple":10,"minecraft:stone_bricks":2,"iceandfire:pixie_jar_empty":2,"minecraft:bow":1,"minecraft:stonecutter":1,"minecraft:wheat_seeds":76,"minecraft:iron_ingot":2,"minecraft:stone_pickaxe":2,"minecraft:oak_fence_gate":1,"minecraft:fletching_table":1,"minecraft:oak_planks":1,"minecraft:book":123,"minecraft:scaffolding":1,"botania:gray_double_flower":2,"patchouli:guide_book":2,"minecraft:spruce_sapling":3,"minecraft:ink_sac":8,"minecraft:spruce_log":35,"minecraft:spider_eye":2,"alexsmobs:animal_dictionary":2,"minecraft:mossy_cobblestone":1,"minecraft:stone_axe":7,"iceandfire:lectern":1,"minecraft:emerald":8,"minecraft:oak_sapling":71,"minecraft:netherrack":1,"minecraft:black_wool":1,"iceandfire:silver_nugget":40,"minecraft:coal":357,"iceandfire:raw_silver":24},"minecraft:killed":{"minecraft:cave_spider":1,"alexsmobs:raccoon":1,"minecraft:spider":2,"minecraft:vindicator":6,"minecraft:chicken":2,"minecraft:pig":8,"minecraft:salmon":1,"minecraft:sheep":3,"minecraft:zombie":2,"iceandfire:ghost":3,"alexsmobs:fly":1,"minecraft:cow":10},"minecraft:crafted":{"minecraft:wooden_sword":1,"botania:livingwood_planks":8,"minecraft:oak_planks":552,"minecraft:redstone":20,"comforts:sleeping_bag_white":1,"minecraft:cooked_chicken":1,"minecraft:furnace":1,"minecraft:bone_meal":45,"iceandfire:armor_silver_metal_chestplate":1,"botania:twig_wand":1,"iceandfire:armor_silver_metal_leggings":1,"botania:white_petal":10,"minecraft:stone_pickaxe":1,"minecraft:chest":2,"iceandfire:silver_axe":1,"minecraft:cooked_beef":4,"minecraft:oak_slab":6,"minecraft:arrow":32,"minecraft:emerald":57,"iceandfire:silver_ingot":23,"minecraft:cooked_porkchop":10,"minecraft:crafting_table":1,"minecraft:spruce_planks":92,"minecraft:wooden_pickaxe":1,"minecraft:spruce_door":3,"minecraft:smithing_table":1,"botania:livingwood_twig":3,"minecraft:bucket":1,"minecraft:birch_planks":144,"minecraft:stone_axe":25,"minecraft:bread":17,"minecraft:air":0,"minecraft:golden_apple":2,"minecraft:stick":1498,"minecraft:iron_ingot":23,"minecraft:iron_shovel":4,"minecraft:gold_ingot":17,"botania:apothecary_default":1,"minecraft:torch":4,"iceandfire:silver_pickaxe":1,"iceandfire:silver_sword":1,"minecraft:lapis_lazuli":13},"minecraft:custom":{"minecraft:mob_kills":40,"minecraft:interact_with_crafting_table":34,"minecraft:leave_game":3,"minecraft:time_since_death":123952,"minecraft:climb_one_cm":8454,"minecraft:sprint_one_cm":536606,"minecraft:walk_one_cm":434871,"minecraft:drop":62,"minecraft:talked_to_villager":42,"minecraft:play_time":199300,"minecraft:deaths":5,"minecraft:sneak_time":1647,"minecraft:walk_under_water_one_cm":26333,"minecraft:jump":2541,"minecraft:interact_with_brewingstand":1,"minecraft:walk_on_water_one_cm":21787,"minecraft:total_world_time":199300,"minecraft:interact_with_furnace":57,"minecraft:traded_with_villager":110,"minecraft:sleep_in_bed":8,"minecraft:time_since_rest":3200,"minecraft:damage_taken":1974,"minecraft:trigger_trapped_chest":2,"minecraft:damage_dealt":5515,"minecraft:swim_one_cm":73564,"minecraft:fly_one_cm":553397,"minecraft:open_chest":100,"minecraft:crouch_one_cm":4447,"minecraft:fall_one_cm":69324},"minecraft:used":{"irons_spellbooks:inscription_table":1,"iceandfire:lectern":1,"iceandfire:silver_sword":68,"minecraft:iron_shovel":9,"minecraft:spruce_slab":21,"minecraft:chest":3,"minecraft:spruce_planks":78,"minecraft:cooked_chicken":1,"minecraft:netherrack":1,"minecraft:iron_chestplate":1,"minecraft:stick":1,"minecraft:torch":3,"minecraft:brewing_stand":1,"minecraft:dirt":11,"botania:twig_wand":9,"minecraft:oak_fence_gate":1,"minecraft:lantern":1,"minecraft:birch_sapling":9,"minecraft:iron_helmet":1,"minecraft:iron_boots":1,"botania:gray_double_flower":1,"minecraft:stone_brick_stairs":1,"minecraft:stone_bricks":1,"minecraft:scaffolding":1,"minecraft:oak_sapling":72,"minecraft:furnace":8,"comforts:sleeping_bag_white":5,"minecraft:cooked_beef":4,"iceandfire:pixie_jar_empty":2,"minecraft:iron_leggings":1,"minecraft:wheat_seeds":28,"minecraft:spruce_door":2,"minecraft:stone_pickaxe":68,"minecraft:oak_planks":2,"minecraft:wooden_pickaxe":3,"minecraft:fletching_table":1,"minecraft:salmon":1,"minecraft:mossy_cobblestone":1,"minecraft:oak_slab":6,"minecraft:crafting_table":5,"iceandfire:silver_axe":274,"botania:apothecary_default":1,"iceandfire:silver_pickaxe":124,"minecraft:oak_log":11,"minecraft:black_wool":1,"minecraft:oxeye_daisy":1,"minecraft:bread":5,"minecraft:spruce_sapling":3,"minecraft:lilac":1,"minecraft:stone_axe":74,"minecraft:wooden_sword":5,"minecraft:cobblestone":10,"botania:pure_daisy":2,"minecraft:porkchop":5,"minecraft:cooked_porkchop":7,"minecraft:smithing_table":1,"minecraft:bucket":1,"alexsmobs:animal_dictionary":1,"minecraft:yellow_bed":2}},"DataVersion":3465}