{"stats":{"minecraft:picked_up":{"tfc:stone/axe_head/igneous_extrusive":1,"tfc:food/shellfish":2,"tfc:groundcover/seaweed":2,"tfc:small_raw_hide":1,"tfc:straw":1,"minecraft:bone":1,"tfc:wood/log/chestnut":25,"tfc:wood/fallen_leaves/birch":3,"tfc:wood/wood/chestnut":5,"tfc:powder/wood_ash":2,"minecraft:stick":88,"tfc:dirt/loam":22,"tfc:groundcover/driftwood":1,"tfc:firestarter":1,"tfc:rock/loose/rhyolite":1,"minecraft:rotten_flesh":1,"tfc:wood/twig/chestnut":4,"tfc:rock/gravel/rhyolite":7,"tfc:food/pork":5,"tfc:torch":2,"tfc:groundcover/guano":1},"minecraft:killed":{"tfc:boar":1,"tfc:lobster":3,"minecraft:zombie":1},"minecraft:custom":{"minecraft:mob_kills":5,"minecraft:leave_game":1,"minecraft:time_since_death":52775,"minecraft:climb_one_cm":325,"minecraft:time_since_rest":52775,"minecraft:sprint_one_cm":34335,"minecraft:damage_taken":379,"minecraft:walk_one_cm":87498,"minecraft:drop":64,"minecraft:damage_dealt":473,"minecraft:swim_one_cm":6816,"minecraft:fly_one_cm":64167,"minecraft:crouch_one_cm":493,"minecraft:play_time":52775,"tombstone:undead_killed":1,"minecraft:sneak_time":1111,"minecraft:walk_under_water_one_cm":11267,"minecraft:jump":371,"minecraft:walk_on_water_one_cm":6960,"minecraft:total_world_time":54072,"minecraft:fall_one_cm":5202},"minecraft:dropped":{"tfc:wood/log/chestnut":9,"tfc:groundcover/guano":1,"tfc:wood/twig/chestnut":7,"tfc:rock/loose/rhyolite":1,"minecraft:stick":48,"tfc:dirt/loam":2,"tfc:stone/axe_head/igneous_extrusive":1,"tfc:firestarter":1},"minecraft:used":{"tfc:wood/log/chestnut":5,"tfc:food/shellfish":2,"tfc:groundcover/mollusk":1,"minecraft:glass_bottle":1,"tfc:dirt/loam":1,"tfc:stone/knife/igneous_extrusive":9,"minecraft:rotten_flesh":1,"tfc:wood/wood/chestnut":4,"tfc:stone/javelin/igneous_extrusive":9,"minecraft:stick":7,"tfc:groundcover/driftwood":2,"tfc:stone/shovel/igneous_extrusive":25,"tfc:food/pork":2,"tfc:wood/fallen_leaves/birch":3,"tfc:stone/axe/igneous_extrusive":39,"tfc:rock/mossy_loose/rhyolite":1,"tfc:torch":2,"minecraft:potion":2,"tfc:firestarter":47,"tfc:groundcover/sea_urchin":1,"alexsmobs:animal_dictionary":1,"minecraft:air":1},"minecraft:mined":{"tfc:plant/houstonia":1,"tfc:dirt/loam":17,"tfc:plant/tall_fescue_grass":4,"tfc:plant/orchard_grass":10,"tfc:rock/gravel/rhyolite":7,"tfc:wood/wood/chestnut":4,"tfc:plant/beachgrass":1,"tfc:wood/leaves/birch":6,"tfc:plant/ryegrass":2,"tfc:plant/sea_palm":1,"tfc:grass/loam":3,"tfc:plant/scutch_grass":3,"tfc:plant/arrowhead":2,"tfc:placed_item":8,"tfc:torch":2,"tfc:groundcover/guano":1,"tfc:wood/fallen_leaves/birch":1,"tfc:groundcover/stick":4,"tfc:log_pile":1,"minecraft:fire":10,"tfc:plant/moss":2,"tfc:plant/switchgrass":6,"tfc:firepit":1,"tfc:wood/log/chestnut":3,"tfc:groundcover/seaweed":2,"tfc:groundcover/driftwood":1,"tfc:plant/red_apple_branch":1,"tfc:plant/calendula":1},"minecraft:crafted":{"tfc:wood/wood/chestnut":3,"tfc:stone/knife/igneous_extrusive":1,"tfc:firestarter":3,"tfc:stone/shovel/igneous_extrusive":1,"tfc:wattle":6,"tfc:stone/javelin/igneous_extrusive":1,"tfc:stone/axe/igneous_extrusive":2},"minecraft:broken":{"tfc:stone/axe/igneous_extrusive":1,"tfc:firestarter":2}},"DataVersion":3465}