{"stats":{"minecraft:killed":{"minecraft:cave_spider":1,"alexsmobs:raccoon":1,"minecraft:vindicator":6,"minecraft:spider":2,"minecraft:chicken":2,"minecraft:pig":8,"minecraft:salmon":1,"minecraft:sheep":3,"minecraft:zombie":1,"iceandfire:ghost":3,"alexsmobs:fly":1,"minecraft:cow":7},"minecraft:used":{"iceandfire:silver_sword":68,"minecraft:spruce_slab":21,"minecraft:chest":2,"minecraft:spruce_planks":78,"minecraft:netherrack":1,"minecraft:cooked_chicken":1,"minecraft:iron_chestplate":1,"minecraft:torch":2,"minecraft:oak_fence_gate":1,"minecraft:lantern":1,"minecraft:iron_helmet":1,"minecraft:iron_boots":1,"botania:gray_double_flower":1,"minecraft:stone_brick_stairs":1,"minecraft:scaffolding":1,"minecraft:oak_sapling":28,"minecraft:furnace":8,"comforts:sleeping_bag_white":5,"minecraft:cooked_beef":4,"minecraft:iron_leggings":1,"minecraft:wheat_seeds":27,"minecraft:spruce_door":2,"minecraft:stone_pickaxe":68,"minecraft:oak_planks":1,"minecraft:wooden_pickaxe":3,"minecraft:fletching_table":1,"minecraft:salmon":1,"minecraft:oak_slab":6,"minecraft:crafting_table":5,"iceandfire:silver_axe":100,"iceandfire:silver_pickaxe":101,"minecraft:black_wool":1,"minecraft:bread":2,"minecraft:spruce_sapling":3,"minecraft:lilac":1,"minecraft:stone_axe":74,"minecraft:wooden_sword":5,"minecraft:cobblestone":5,"minecraft:porkchop":5,"minecraft:cooked_porkchop":7,"minecraft:yellow_bed":2,"alexsmobs:animal_dictionary":1},"minecraft:mined":{"minecraft:spruce_planks":25,"minecraft:oak_sapling":1,"iceandfire:silver_ore":20,"biomesoplenty:bush":5,"farmersdelight:wild_cabbages":1,"ars_nouveau:sourceberry_bush":2,"minecraft:composter":1,"minecraft:furnace":7,"minecraft:fire":3,"minecraft:iron_ore":14,"treechop:chopped_log":11,"minecraft:fletching_table":1,"minecraft:gold_block":1,"minecraft:bookshelf":20,"iceandfire:gold_pile":9,"biomesoplenty:webbing":6,"minecraft:iron_bars":1,"minecraft:iron_block":1,"irons_spellbooks:inscription_table":1,"minecraft:stone":24,"biomesoplenty:spider_egg":2,"minecraft:bone_block":13,"minecraft:scaffolding":1,"minecraft:crafting_table":4,"minecraft:chest":1,"minecraft:cobblestone":3,"biomesoplenty:sprout":2,"minecraft:sugar_cane":8,"botania:white_double_flower":2,"minecraft:wall_torch":1,"botania:black_mystical_flower":1,"minecraft:wheat":58,"minecraft:lilac":1,"minecraft:tnt":1,"minecraft:black_bed":1,"minecraft:yellow_bed":2,"minecraft:stone_brick_stairs":1,"minecraft:grass":5,"botania:white_mystical_flower":7,"minecraft:oak_log":1,"minecraft:coal_ore":61,"iceandfire:silver_pile":9,"minecraft:oak_fence_gate":1,"botania:gray_double_flower":2,"minecraft:cobweb":29,"minecraft:stonecutter":1,"minecraft:stone_bricks":1,"minecraft:netherrack":1,"minecraft:piston":1,"minecraft:oak_leaves":12},"minecraft:custom":{"minecraft:mob_kills":36,"minecraft:interact_with_crafting_table":19,"minecraft:leave_game":2,"minecraft:time_since_death":66107,"minecraft:climb_one_cm":8454,"minecraft:sprint_one_cm":438994,"minecraft:walk_one_cm":325749,"minecraft:drop":26,"minecraft:talked_to_villager":9,"minecraft:play_time":141455,"minecraft:deaths":5,"minecraft:sneak_time":878,"minecraft:walk_under_water_one_cm":26333,"minecraft:jump":2229,"minecraft:walk_on_water_one_cm":21755,"minecraft:total_world_time":141455,"minecraft:interact_with_furnace":42,"minecraft:traded_with_villager":18,"minecraft:sleep_in_bed":6,"minecraft:time_since_rest":1980,"minecraft:damage_taken":1890,"minecraft:trigger_trapped_chest":2,"minecraft:damage_dealt":4954,"minecraft:swim_one_cm":73564,"minecraft:fly_one_cm":483406,"minecraft:open_chest":42,"minecraft:crouch_one_cm":2688,"minecraft:fall_one_cm":63803},"minecraft:killed_by":{"minecraft:vindicator":2,"minecraft:cave_spider":1,"iceandfire:ghost":1},"minecraft:dropped":{"minecraft:wheat_seeds":47,"minecraft:book":60,"minecraft:feather":2,"minecraft:cobblestone":3,"minecraft:leather":2,"minecraft:spruce_door":1,"minecraft:coal":53,"minecraft:stick":5,"minecraft:ink_sac":1,"minecraft:torch":3,"minecraft:fire_charge":2,"minecraft:bone_meal":45,"botania:gray_double_flower":1,"minecraft:white_wool":1,"minecraft:stone_axe":1,"farmersdelight:cabbage_seeds":2,"minecraft:chicken":1,"minecraft:spider_eye":2,"minecraft:spruce_slab":10,"minecraft:beef":1,"minecraft:egg":1},"minecraft:crafted":{"minecraft:wooden_sword":1,"minecraft:oak_planks":192,"comforts:sleeping_bag_white":1,"minecraft:cooked_chicken":1,"minecraft:furnace":1,"minecraft:bone_meal":45,"minecraft:stone_pickaxe":1,"minecraft:chest":1,"iceandfire:silver_axe":1,"minecraft:cooked_beef":4,"minecraft:oak_slab":6,"minecraft:arrow":32,"minecraft:emerald":16,"iceandfire:silver_ingot":8,"minecraft:cooked_porkchop":10,"minecraft:crafting_table":1,"minecraft:spruce_planks":92,"minecraft:wooden_pickaxe":1,"minecraft:spruce_door":3,"minecraft:stone_axe":1,"minecraft:bread":17,"minecraft:air":0,"minecraft:stick":498,"minecraft:iron_ingot":9,"minecraft:gold_ingot":15,"minecraft:torch":4,"iceandfire:silver_pickaxe":1,"iceandfire:silver_sword":1},"minecraft:picked_up":{"minecraft:crafting_table":6,"minecraft:wheat":55,"minecraft:chicken":2,"minecraft:wooden_pickaxe":1,"minecraft:gold_block":1,"minecraft:stone_brick_stairs":1,"minecraft:string":31,"minecraft:iron_shovel":1,"minecraft:gold_nugget":54,"minecraft:spruce_planks":129,"comforts:sleeping_bag_white":5,"minecraft:beef":9,"minecraft:iron_pickaxe":2,"minecraft:spruce_slab":43,"minecraft:sugar_cane":18,"minecraft:chest":1,"irons_spellbooks:inscription_table":1,"minecraft:piston":1,"farmersdelight:cabbage_seeds":2,"minecraft:furnace":7,"minecraft:egg":1,"minecraft:stick":32,"minecraft:raw_iron":14,"minecraft:composter":1,"minecraft:torch":1,"minecraft:porkchop":15,"botania:white_mystical_flower":7,"minecraft:tnt":1,"iceandfire:silver_ingot":1,"minecraft:rotten_flesh":2,"ars_nouveau:worn_notebook":2,"minecraft:iron_block":1,"ars_nouveau:sourceberry_bush":7,"minecraft:mutton":2,"minecraft:white_wool":2,"minecraft:skeleton_skull":1,"minecraft:bone_block":12,"minecraft:cobblestone":26,"minecraft:lilac":1,"minecraft:feather":2,"minecraft:salmon":1,"minecraft:leather":5,"minecraft:black_bed":1,"minecraft:oak_log":48,"minecraft:yellow_bed":2,"minecraft:lantern":1,"botania:black_mystical_flower":1,"botania:white_double_flower":2,"minecraft:apple":1,"minecraft:stone_bricks":1,"minecraft:stonecutter":1,"minecraft:bow":1,"minecraft:wheat_seeds":74,"minecraft:oak_fence_gate":1,"minecraft:stone_pickaxe":2,"minecraft:fletching_table":1,"minecraft:book":120,"minecraft:scaffolding":1,"botania:gray_double_flower":2,"patchouli:guide_book":2,"minecraft:spruce_sapling":3,"minecraft:ink_sac":8,"minecraft:spruce_log":35,"minecraft:spider_eye":2,"alexsmobs:animal_dictionary":2,"minecraft:stone_axe":2,"minecraft:emerald":8,"minecraft:oak_sapling":28,"minecraft:black_wool":1,"minecraft:netherrack":1,"iceandfire:silver_nugget":30,"minecraft:coal":357,"iceandfire:raw_silver":24}},"DataVersion":3465}