{"stats":{"minecraft:crafted":{"minecraft:spruce_planks":4,"minecraft:stick":4},"minecraft:killed":{"mca:female_zombie_villager":1},"minecraft:custom":{"minecraft:time_since_rest":17587,"minecraft:crouch_one_cm":856,"minecraft:sprint_one_cm":52700,"minecraft:play_time":17587,"tombstone:undead_killed":1,"minecraft:damage_taken":147,"minecraft:walk_one_cm":32608,"minecraft:sneak_time":336,"minecraft:walk_under_water_one_cm":2810,"minecraft:mob_kills":1,"minecraft:jump":131,"minecraft:damage_dealt":57,"minecraft:leave_game":1,"minecraft:walk_on_water_one_cm":8184,"minecraft:time_since_death":17587,"minecraft:climb_one_cm":754,"minecraft:total_world_time":17587,"minecraft:swim_one_cm":9326,"minecraft:fall_one_cm":3464,"minecraft:fly_one_cm":36475},"minecraft:mined":{"iceandfire:fire_lily":1,"minecraft:spruce_log":1,"minecraft:mangrove_leaves":2},"minecraft:picked_up":{"iceandfire:dragon_skull_ice":1,"iceandfire:dragonbone":21,"minecraft:rotten_flesh":2,"iceandfire:fire_lily":1,"iceandfire:dragon_skull_fire":1,"minecraft:spruce_log":1},"minecraft:used":{"alexsmobs:animal_dictionary":1}},"DataVersion":3465}