{"stats":{"minecraft:picked_up":{"minecraft:crafting_table":5,"minecraft:lilac":1,"minecraft:leather":1,"minecraft:wooden_pickaxe":1,"minecraft:string":3,"botania:black_mystical_flower":1,"botania:white_double_flower":2,"minecraft:wheat_seeds":1,"minecraft:spruce_planks":129,"minecraft:beef":4,"minecraft:stone_pickaxe":2,"minecraft:spruce_slab":43,"minecraft:furnace":1,"minecraft:stick":2,"minecraft:raw_iron":4,"botania:gray_double_flower":2,"patchouli:guide_book":2,"minecraft:torch":1,"minecraft:porkchop":5,"minecraft:spruce_sapling":2,"minecraft:ink_sac":7,"minecraft:spruce_log":23,"minecraft:spider_eye":2,"alexsmobs:animal_dictionary":2,"botania:white_mystical_flower":7,"iceandfire:silver_ingot":1,"minecraft:rotten_flesh":2,"minecraft:stone_axe":2,"ars_nouveau:worn_notebook":2,"minecraft:emerald":7,"ars_nouveau:sourceberry_bush":4,"minecraft:black_wool":1,"minecraft:mutton":2,"minecraft:coal":64,"iceandfire:raw_silver":13,"minecraft:white_wool":1,"minecraft:cobblestone":21},"minecraft:used":{"minecraft:spruce_door":2,"minecraft:stone_pickaxe":68,"minecraft:spruce_slab":21,"minecraft:spruce_planks":76,"minecraft:wooden_pickaxe":3,"minecraft:torch":2,"minecraft:crafting_table":3,"iceandfire:silver_axe":4,"iceandfire:silver_pickaxe":1,"minecraft:spruce_sapling":2,"botania:gray_double_flower":1,"minecraft:lilac":1,"minecraft:stone_axe":74,"minecraft:wooden_sword":5,"minecraft:cobblestone":3,"minecraft:furnace":1,"minecraft:porkchop":5,"alexsmobs:animal_dictionary":1,"minecraft:cooked_beef":3},"minecraft:crafted":{"iceandfire:silver_axe":1,"minecraft:cooked_beef":4,"minecraft:wooden_sword":1,"iceandfire:silver_ingot":8,"minecraft:crafting_table":1,"minecraft:spruce_planks":44,"comforts:sleeping_bag_white":1,"minecraft:wooden_pickaxe":1,"minecraft:spruce_door":3,"minecraft:furnace":1,"minecraft:stone_axe":1,"minecraft:air":0,"minecraft:stick":10,"minecraft:stone_pickaxe":1,"minecraft:torch":4,"iceandfire:silver_pickaxe":1,"iceandfire:silver_sword":1},"minecraft:killed":{"minecraft:cave_spider":1,"minecraft:pig":3,"minecraft:spider":2,"minecraft:vindicator":6,"minecraft:sheep":2,"minecraft:zombie":1,"minecraft:cow":2},"minecraft:killed_by":{"minecraft:vindicator":2,"minecraft:cave_spider":1},"minecraft:custom":{"minecraft:interact_with_furnace":9,"minecraft:mob_kills":17,"minecraft:interact_with_crafting_table":11,"minecraft:leave_game":2,"minecraft:time_since_death":6914,"minecraft:time_since_rest":6945,"minecraft:sprint_one_cm":118049,"minecraft:damage_taken":1320,"minecraft:walk_one_cm":119224,"minecraft:drop":5,"minecraft:damage_dealt":3027,"minecraft:swim_one_cm":45797,"minecraft:fly_one_cm":162935,"minecraft:open_chest":1,"minecraft:crouch_one_cm":410,"minecraft:play_time":65353,"minecraft:deaths":4,"minecraft:sneak_time":243,"minecraft:walk_under_water_one_cm":19162,"minecraft:jump":683,"minecraft:walk_on_water_one_cm":15634,"minecraft:total_world_time":65353,"minecraft:fall_one_cm":17735},"minecraft:dropped":{"minecraft:wheat_seeds":1,"minecraft:spider_eye":2,"minecraft:spruce_slab":10,"botania:gray_double_flower":1},"minecraft:mined":{"minecraft:spruce_planks":25,"iceandfire:silver_ore":9,"minecraft:crafting_table":3,"biomesoplenty:bush":1,"minecraft:cobblestone":1,"biomesoplenty:sprout":1,"ars_nouveau:sourceberry_bush":2,"botania:white_double_flower":2,"minecraft:wall_torch":1,"botania:black_mystical_flower":1,"minecraft:furnace":1,"minecraft:iron_ore":4,"minecraft:fire":3,"minecraft:lilac":1,"treechop:chopped_log":2,"minecraft:grass":2,"botania:white_mystical_flower":7,"minecraft:coal_ore":31,"biomesoplenty:webbing":6,"botania:gray_double_flower":2,"minecraft:cobweb":1,"biomesoplenty:spider_egg":2,"minecraft:stone":16,"minecraft:oak_leaves":10}},"DataVersion":3465}