{"stats":{"minecraft:killed_by":{"minecraft:vindicator":2,"minecraft:cave_spider":1,"iceandfire:ghost":1},"minecraft:dropped":{"minecraft:bread":1,"minecraft:wheat_seeds":48,"iceandfire:silver_axe":1,"minecraft:dark_oak_slab":1,"minecraft:feather":2,"minecraft:cobblestone":3,"minecraft:book":60,"minecraft:leather":2,"minecraft:spruce_door":1,"minecraft:coal":53,"minecraft:stick":5,"minecraft:ink_sac":1,"minecraft:torch":3,"minecraft:fire_charge":2,"minecraft:bone_meal":45,"botania:white_petal":4,"botania:gray_double_flower":1,"minecraft:birch_log":13,"minecraft:white_wool":1,"minecraft:stone_axe":30,"farmersdelight:cabbage_seeds":2,"minecraft:chicken":1,"iceandfire:silver_ingot":1,"minecraft:spider_eye":2,"minecraft:spruce_slab":10,"minecraft:beef":1,"minecraft:egg":1},"minecraft:mined":{"minecraft:red_carpet":1,"minecraft:spruce_planks":25,"minecraft:oak_sapling":1,"iceandfire:silver_ore":24,"minecraft:mossy_cobblestone":2,"minecraft:cobblestone_stairs":1,"minecraft:brewing_stand":1,"biomesoplenty:bush":5,"botania:livingwood_log":14,"minecraft:grass_block":14,"minecraft:white_stained_glass":2,"iceandfire:lectern":1,"farmersdelight:wild_cabbages":1,"minecraft:spawner":1,"ars_nouveau:sourceberry_bush":2,"minecraft:composter":1,"minecraft:oxeye_daisy":1,"minecraft:furnace":7,"minecraft:iron_ore":22,"minecraft:fire":3,"treechop:chopped_log":44,"minecraft:fletching_table":1,"minecraft:dark_oak_stairs":2,"minecraft:gold_block":1,"minecraft:cobblestone_slab":1,"minecraft:bookshelf":31,"supplementaries:stick":1,"iceandfire:gold_pile":12,"botania:livingrock":8,"biomesoplenty:webbing":6,"minecraft:iron_bars":1,"botania:pure_daisy":1,"botania:mana_spreader":11,"minecraft:iron_block":1,"irons_spellbooks:inscription_table":1,"minecraft:stone":49,"biomesoplenty:spider_egg":2,"minecraft:bone_block":13,"iceandfire:pixie_jar_empty":2,"minecraft:scaffolding":1,"minecraft:crafting_table":4,"minecraft:blast_furnace":3,"minecraft:lectern":2,"minecraft:chest":2,"minecraft:copper_ore":15,"minecraft:tall_grass":2,"minecraft:cobblestone":17,"biomesoplenty:sprout":2,"minecraft:oak_planks":1,"minecraft:sugar_cane":8,"botania:white_double_flower":2,"botania:black_mystical_flower":1,"minecraft:wall_torch":3,"botania:pink_mystical_flower":2,"minecraft:dark_oak_slab":2,"minecraft:wheat":58,"biomesoplenty:pink_daffodil":2,"minecraft:lilac":1,"minecraft:tnt":1,"minecraft:black_bed":1,"minecraft:yellow_bed":2,"minecraft:stone_brick_stairs":1,"minecraft:grass":15,"botania:white_mystical_flower":7,"minecraft:oak_log":7,"minecraft:coal_ore":73,"iceandfire:silver_pile":12,"minecraft:oak_fence_gate":1,"minecraft:dripstone_block":1,"botania:gray_double_flower":2,"minecraft:dirt":2,"minecraft:cobweb":31,"minecraft:stonecutter":1,"minecraft:stone_bricks":4,"minecraft:emerald_block":1,"minecraft:netherrack":1,"minecraft:piston":1,"minecraft:oak_leaves":18},"minecraft:picked_up":{"minecraft:crafting_table":6,"minecraft:wheat":55,"minecraft:chicken":2,"minecraft:wooden_pickaxe":1,"minecraft:gold_block":1,"minecraft:stone_brick_stairs":1,"minecraft:brewing_stand":1,"minecraft:raw_copper":54,"minecraft:string":33,"minecraft:iron_shovel":1,"minecraft:gold_nugget":72,"comforts:sleeping_bag_white":5,"botania:pure_daisy":2,"minecraft:spruce_planks":129,"minecraft:beef":15,"minecraft:written_book":1,"minecraft:iron_pickaxe":2,"minecraft:spruce_slab":43,"minecraft:lectern":2,"minecraft:sugar_cane":18,"minecraft:chest":1,"minecraft:birch_sapling":26,"irons_spellbooks:inscription_table":1,"minecraft:piston":1,"farmersdelight:cabbage_seeds":2,"minecraft:furnace":7,"minecraft:egg":1,"minecraft:stick":84,"minecraft:raw_iron":22,"minecraft:composter":1,"minecraft:torch":4,"minecraft:porkchop":15,"minecraft:white_dye":2,"botania:white_mystical_flower":7,"minecraft:tnt":1,"botania:livingrock":8,"iceandfire:silver_ingot":2,"minecraft:rotten_flesh":4,"ars_nouveau:worn_notebook":2,"minecraft:iron_block":1,"botania:livingwood_log":14,"minecraft:gold_ingot":2,"ars_nouveau:sourceberry_bush":7,"minecraft:mutton":2,"iceandfire:silver_axe":1,"minecraft:bone_block":12,"minecraft:cobblestone":64,"minecraft:skeleton_skull":1,"minecraft:white_wool":2,"minecraft:oxeye_daisy":1,"minecraft:birch_log":79,"minecraft:feather":2,"minecraft:lilac":1,"minecraft:salmon":1,"minecraft:black_bed":1,"minecraft:leather":8,"minecraft:oak_log":174,"minecraft:yellow_bed":2,"minecraft:cobblestone_stairs":1,"minecraft:dirt":16,"minecraft:lantern":1,"botania:black_mystical_flower":1,"botania:white_double_flower":2,"minecraft:red_carpet":1,"botania:pink_mystical_flower":2,"minecraft:apple":11,"minecraft:stone_bricks":4,"iceandfire:pixie_jar_empty":2,"minecraft:bow":1,"minecraft:stonecutter":1,"minecraft:wheat_seeds":76,"minecraft:iron_ingot":2,"minecraft:stone_pickaxe":2,"minecraft:oak_fence_gate":1,"minecraft:fletching_table":1,"botania:mana_spreader":11,"minecraft:oak_planks":1,"minecraft:dark_oak_stairs":1,"minecraft:book":153,"minecraft:scaffolding":1,"minecraft:dark_oak_slab":2,"minecraft:emerald_block":1,"botania:gray_double_flower":2,"patchouli:guide_book":2,"minecraft:dripstone_block":1,"minecraft:spruce_sapling":3,"minecraft:blast_furnace":3,"minecraft:ink_sac":8,"minecraft:spruce_log":35,"minecraft:spider_eye":2,"alexsmobs:animal_dictionary":2,"minecraft:mossy_cobblestone":1,"minecraft:stone_axe":7,"iceandfire:lectern":1,"minecraft:emerald":9,"biomesoplenty:pink_daffodil":2,"minecraft:oak_sapling":76,"minecraft:netherrack":1,"minecraft:black_wool":1,"iceandfire:silver_nugget":40,"minecraft:coal":369,"iceandfire:raw_silver":28},"minecraft:killed":{"minecraft:cave_spider":1,"alexsmobs:raccoon":1,"minecraft:spider":2,"minecraft:vindicator":7,"minecraft:chicken":2,"minecraft:pig":8,"minecraft:salmon":1,"minecraft:sheep":3,"minecraft:pillager":1,"minecraft:zombie":2,"iceandfire:ghost":3,"alexsmobs:fly":1,"minecraft:cow":10},"minecraft:crafted":{"irons_spellbooks:wandering_magician_helmet":1,"minecraft:wooden_sword":1,"botania:livingwood_planks":8,"minecraft:oak_planks":624,"minecraft:redstone":20,"comforts:sleeping_bag_white":1,"minecraft:cooked_chicken":1,"minecraft:furnace":1,"botania:mana_pool":1,"minecraft:stone":8,"minecraft:bone_meal":45,"iceandfire:armor_silver_metal_chestplate":1,"botania:twig_wand":1,"iceandfire:armor_silver_metal_leggings":1,"botania:white_petal":10,"minecraft:stone_pickaxe":1,"minecraft:chest":2,"minecraft:wheat":45,"iceandfire:silver_axe":1,"minecraft:cooked_beef":4,"minecraft:oak_slab":6,"minecraft:arrow":32,"minecraft:emerald":79,"iceandfire:silver_ingot":23,"minecraft:cooked_porkchop":10,"minecraft:crafting_table":1,"minecraft:spruce_planks":92,"botania:mana_spreader":1,"minecraft:wooden_pickaxe":1,"minecraft:spruce_door":3,"minecraft:smithing_table":1,"minecraft:copper_ingot":4,"botania:lexicon":1,"minecraft:leather_helmet":1,"botania:livingwood_twig":3,"minecraft:bucket":1,"minecraft:birch_planks":264,"minecraft:stone_axe":25,"minecraft:bread":17,"minecraft:air":0,"minecraft:golden_apple":2,"minecraft:stick":1882,"minecraft:iron_ingot":23,"minecraft:iron_shovel":7,"minecraft:gold_ingot":17,"botania:apothecary_default":1,"minecraft:torch":4,"iceandfire:silver_pickaxe":1,"iceandfire:silver_sword":1,"minecraft:lapis_lazuli":13},"minecraft:custom":{"minecraft:mob_kills":42,"minecraft:open_barrel":10,"minecraft:interact_with_crafting_table":40,"minecraft:leave_game":3,"minecraft:time_since_death":171952,"minecraft:climb_one_cm":8953,"minecraft:sprint_one_cm":625883,"minecraft:walk_one_cm":541300,"minecraft:drop":65,"minecraft:talked_to_villager":48,"minecraft:play_time":247300,"minecraft:deaths":5,"minecraft:sneak_time":3374,"minecraft:walk_under_water_one_cm":26523,"minecraft:jump":2905,"minecraft:interact_with_brewingstand":1,"minecraft:walk_on_water_one_cm":22056,"minecraft:total_world_time":247300,"minecraft:interact_with_furnace":63,"minecraft:traded_with_villager":126,"minecraft:sleep_in_bed":10,"minecraft:time_since_rest":23140,"minecraft:damage_taken":2297,"minecraft:damage_absorbed":20,"minecraft:trigger_trapped_chest":2,"minecraft:damage_dealt":6255,"minecraft:swim_one_cm":74243,"minecraft:fly_one_cm":605598,"minecraft:open_chest":134,"minecraft:crouch_one_cm":6277,"minecraft:fall_one_cm":77959},"minecraft:used":{"irons_spellbooks:inscription_table":1,"iceandfire:lectern":1,"iceandfire:silver_sword":86,"minecraft:iron_shovel":11,"minecraft:spruce_slab":21,"minecraft:chest":3,"minecraft:spruce_planks":78,"minecraft:stone":8,"minecraft:cooked_chicken":1,"minecraft:netherrack":1,"minecraft:iron_chestplate":1,"minecraft:stick":1,"minecraft:torch":11,"minecraft:brewing_stand":1,"minecraft:dirt":16,"botania:twig_wand":196,"minecraft:oak_fence_gate":1,"minecraft:lantern":1,"minecraft:birch_sapling":23,"minecraft:iron_helmet":1,"botania:pink_mystical_flower":1,"minecraft:iron_boots":1,"botania:gray_double_flower":1,"minecraft:stone_brick_stairs":1,"minecraft:stone_bricks":1,"minecraft:written_book":1,"botania:mana_pool":1,"minecraft:scaffolding":1,"minecraft:oak_sapling":77,"minecraft:furnace":8,"comforts:sleeping_bag_white":5,"minecraft:cooked_beef":4,"iceandfire:pixie_jar_empty":2,"minecraft:iron_leggings":1,"minecraft:wheat_seeds":28,"minecraft:cobblestone_stairs":1,"minecraft:spruce_door":2,"minecraft:stone_pickaxe":68,"minecraft:oak_planks":2,"botania:mana_spreader":12,"minecraft:wooden_pickaxe":3,"minecraft:fletching_table":1,"minecraft:salmon":1,"minecraft:golden_apple":2,"minecraft:mossy_cobblestone":1,"minecraft:oak_slab":6,"minecraft:crafting_table":5,"minecraft:dripstone_block":1,"iceandfire:silver_axe":365,"botania:apothecary_default":1,"iceandfire:silver_pickaxe":212,"minecraft:oak_log":18,"minecraft:black_wool":1,"minecraft:oxeye_daisy":1,"biomesoplenty:pink_daffodil":2,"minecraft:bread":11,"minecraft:spruce_sapling":3,"minecraft:lilac":1,"minecraft:stone_axe":74,"minecraft:wooden_sword":5,"minecraft:cobblestone":29,"botania:pure_daisy":2,"minecraft:porkchop":5,"minecraft:cooked_porkchop":7,"minecraft:smithing_table":1,"minecraft:bucket":1,"alexsmobs:animal_dictionary":1,"minecraft:yellow_bed":2,"minecraft:experience_bottle":3}},"DataVersion":3465}