{"stats":{"minecraft:killed":{"minecraft:cave_spider":1,"minecraft:pig":4,"minecraft:salmon":1,"alexsmobs:raccoon":1,"minecraft:spider":2,"minecraft:vindicator":6,"minecraft:sheep":2,"minecraft:zombie":1,"iceandfire:ghost":3,"minecraft:chicken":1,"minecraft:cow":2},"minecraft:used":{"iceandfire:silver_sword":17,"minecraft:spruce_door":2,"minecraft:stone_pickaxe":68,"minecraft:spruce_slab":21,"minecraft:spruce_planks":76,"minecraft:wooden_pickaxe":3,"minecraft:cooked_chicken":1,"minecraft:netherrack":1,"minecraft:salmon":1,"minecraft:torch":2,"minecraft:crafting_table":4,"iceandfire:silver_axe":53,"iceandfire:silver_pickaxe":54,"minecraft:black_wool":1,"minecraft:spruce_sapling":3,"botania:gray_double_flower":1,"minecraft:lilac":1,"minecraft:stone_axe":74,"minecraft:wooden_sword":5,"minecraft:cobblestone":3,"minecraft:cooked_porkchop":1,"minecraft:furnace":5,"minecraft:porkchop":5,"comforts:sleeping_bag_white":2,"alexsmobs:animal_dictionary":1,"minecraft:cooked_beef":4},"minecraft:mined":{"minecraft:spruce_planks":25,"iceandfire:silver_ore":11,"minecraft:crafting_table":4,"biomesoplenty:bush":1,"minecraft:cobblestone":1,"farmersdelight:wild_cabbages":1,"biomesoplenty:sprout":2,"ars_nouveau:sourceberry_bush":2,"minecraft:sugar_cane":3,"botania:white_double_flower":2,"botania:black_mystical_flower":1,"minecraft:wall_torch":1,"minecraft:furnace":5,"minecraft:iron_ore":4,"minecraft:fire":3,"minecraft:lilac":1,"minecraft:black_bed":1,"treechop:chopped_log":5,"minecraft:gold_block":1,"minecraft:bookshelf":20,"minecraft:grass":3,"botania:white_mystical_flower":7,"minecraft:coal_ore":59,"minecraft:iron_bars":1,"biomesoplenty:webbing":6,"botania:gray_double_flower":2,"minecraft:cobweb":1,"minecraft:bone_block":13,"biomesoplenty:spider_egg":2,"minecraft:stone":19,"minecraft:netherrack":1,"minecraft:oak_leaves":12},"minecraft:custom":{"minecraft:interact_with_furnace":24,"minecraft:mob_kills":24,"minecraft:interact_with_crafting_table":12,"minecraft:leave_game":2,"minecraft:time_since_death":18107,"minecraft:sleep_in_bed":2,"minecraft:climb_one_cm":3987,"minecraft:time_since_rest":7200,"minecraft:sprint_one_cm":216548,"minecraft:damage_taken":1640,"minecraft:walk_one_cm":187016,"minecraft:trigger_trapped_chest":2,"minecraft:drop":17,"minecraft:damage_dealt":3914,"minecraft:swim_one_cm":59484,"minecraft:fly_one_cm":295370,"minecraft:open_chest":2,"minecraft:crouch_one_cm":871,"minecraft:play_time":93455,"minecraft:deaths":5,"minecraft:sneak_time":474,"minecraft:walk_under_water_one_cm":22660,"minecraft:jump":1317,"minecraft:walk_on_water_one_cm":18784,"minecraft:total_world_time":93455,"minecraft:fall_one_cm":36610},"minecraft:killed_by":{"minecraft:vindicator":2,"minecraft:cave_spider":1,"iceandfire:ghost":1},"minecraft:dropped":{"minecraft:stone_axe":1,"minecraft:wheat_seeds":1,"farmersdelight:cabbage_seeds":2,"minecraft:cobblestone":3,"minecraft:feather":1,"minecraft:leather":2,"minecraft:spruce_door":1,"minecraft:coal":53,"minecraft:stick":5,"minecraft:ink_sac":1,"minecraft:bone_meal":45,"minecraft:spider_eye":2,"minecraft:spruce_slab":10,"botania:gray_double_flower":1},"minecraft:crafted":{"iceandfire:silver_axe":1,"minecraft:cooked_beef":4,"minecraft:wooden_sword":1,"minecraft:cooked_porkchop":3,"iceandfire:silver_ingot":8,"minecraft:crafting_table":1,"minecraft:spruce_planks":44,"comforts:sleeping_bag_white":1,"minecraft:cooked_chicken":1,"minecraft:wooden_pickaxe":1,"minecraft:spruce_door":3,"minecraft:furnace":1,"minecraft:bone_meal":45,"minecraft:stone_axe":1,"minecraft:air":0,"minecraft:stick":10,"minecraft:stone_pickaxe":1,"minecraft:torch":4,"iceandfire:silver_pickaxe":1,"iceandfire:silver_sword":1},"minecraft:picked_up":{"minecraft:crafting_table":6,"minecraft:feather":1,"minecraft:lilac":1,"minecraft:chicken":1,"minecraft:salmon":1,"minecraft:black_bed":1,"minecraft:leather":2,"minecraft:wooden_pickaxe":1,"minecraft:gold_block":1,"minecraft:string":3,"botania:white_double_flower":2,"botania:black_mystical_flower":1,"minecraft:wheat_seeds":1,"comforts:sleeping_bag_white":2,"minecraft:spruce_planks":129,"minecraft:beef":4,"minecraft:stone_pickaxe":2,"minecraft:spruce_slab":43,"minecraft:sugar_cane":10,"farmersdelight:cabbage_seeds":2,"minecraft:furnace":5,"minecraft:book":60,"minecraft:stick":6,"minecraft:raw_iron":4,"botania:gray_double_flower":2,"patchouli:guide_book":2,"minecraft:torch":1,"minecraft:porkchop":8,"minecraft:spruce_sapling":3,"minecraft:ink_sac":8,"minecraft:spruce_log":35,"minecraft:spider_eye":2,"alexsmobs:animal_dictionary":2,"botania:white_mystical_flower":7,"iceandfire:silver_ingot":1,"minecraft:rotten_flesh":2,"minecraft:stone_axe":2,"ars_nouveau:worn_notebook":2,"minecraft:emerald":7,"ars_nouveau:sourceberry_bush":7,"minecraft:bone_block":12,"minecraft:skeleton_skull":1,"minecraft:netherrack":1,"minecraft:black_wool":1,"minecraft:mutton":2,"minecraft:coal":250,"minecraft:white_wool":1,"iceandfire:raw_silver":15,"minecraft:cobblestone":24}},"DataVersion":3465}