{"stats":{"minecraft:killed":{"minecraft:pig":1,"alexsmobs:raccoon":1,"iceandfire:ghost":3,"minecraft:chicken":5,"minecraft:cow":1},"minecraft:used":{"minecraft:cooked_mutton":2,"minecraft:iron_bars":1,"iceandfire:armor_copper_metal_leggings":1,"minecraft:stone_pickaxe":66,"minecraft:spruce_planks":16,"minecraft:chest":1,"minecraft:wooden_pickaxe":14,"minecraft:smooth_sandstone_stairs":1,"minecraft:cooked_chicken":4,"minecraft:rotten_flesh":4,"minecraft:torch":4,"minecraft:mossy_cobblestone":1,"minecraft:dirt":2,"minecraft:crafting_table":4,"minecraft:chainmail_chestplate":1,"backpacked:spruce_backpack_shelf":1,"minecraft:smoker":1,"minecraft:oak_log":4,"minecraft:wooden_axe":32,"minecraft:iron_pickaxe":71,"minecraft:smooth_sandstone":3,"iceandfire:ghost_chest":1,"minecraft:iron_boots":1,"minecraft:spruce_sapling":3,"minecraft:stone_axe":47,"minecraft:cobblestone":17,"minecraft:cooked_porkchop":1,"minecraft:porkchop":1,"minecraft:furnace":3,"minecraft:egg":1},"minecraft:mined":{"iceandfire:graveyard_soil":1,"iceandfire:silver_ore":7,"minecraft:mossy_cobblestone":1,"minecraft:smooth_sandstone":3,"minecraft:crafting_table":3,"minecraft:torch":2,"minecraft:note_block":3,"minecraft:grass_block":2,"iceandfire:ghost_chest":2,"minecraft:campfire":1,"minecraft:copper_ore":17,"minecraft:cobblestone":6,"minecraft:tall_grass":3,"farmersdelight:wild_cabbages":1,"minecraft:spruce_leaves":2,"biomesoplenty:sprout":2,"minecraft:oak_planks":2,"minecraft:bricks":2,"minecraft:wall_torch":2,"minecraft:furnace":3,"minecraft:spruce_log":4,"treechop:chopped_log":4,"minecraft:stone_brick_stairs":1,"minecraft:grass":7,"minecraft:coal_ore":30,"minecraft:oak_log":4,"minecraft:vine":2,"minecraft:dirt":6,"minecraft:stripped_oak_log":4,"minecraft:smooth_sandstone_stairs":1,"minecraft:stone_bricks":4,"minecraft:stone":29,"minecraft:bone_block":37,"minecraft:oak_leaves":3},"minecraft:custom":{"minecraft:interact_with_furnace":44,"minecraft:mob_kills":11,"minecraft:tune_noteblock":7,"minecraft:interact_with_crafting_table":16,"minecraft:time_since_death":49544,"minecraft:climb_one_cm":7467,"minecraft:time_since_rest":49544,"minecraft:sprint_one_cm":80591,"minecraft:damage_taken":504,"minecraft:walk_one_cm":120100,"minecraft:trigger_trapped_chest":4,"minecraft:drop":16,"minecraft:damage_dealt":1751,"minecraft:play_noteblock":4,"minecraft:swim_one_cm":4999,"minecraft:fly_one_cm":217008,"minecraft:open_chest":31,"minecraft:crouch_one_cm":11159,"minecraft:play_time":49544,"minecraft:sneak_time":3349,"minecraft:walk_under_water_one_cm":1745,"minecraft:jump":984,"minecraft:walk_on_water_one_cm":1339,"minecraft:interact_with_smoker":9,"minecraft:total_world_time":49544,"minecraft:fall_one_cm":27852},"minecraft:dropped":{"minecraft:oak_log":9,"minecraft:cobblestone":1,"minecraft:leather":1,"minecraft:dirt":6,"backpacked:spruce_backpack_shelf":4,"minecraft:skeleton_skull":2,"minecraft:gold_nugget":2,"alexsmobs:raccoon_tail":2},"minecraft:crafted":{"minecraft:oak_planks":74,"minecraft:cooked_porkchop":1,"spartanweaponry:pole":4,"minecraft:crafting_table":1,"minecraft:spruce_planks":52,"minecraft:wooden_pickaxe":1,"minecraft:cooked_chicken":4,"iceandfire:armor_copper_metal_leggings":1,"minecraft:furnace":1,"minecraft:copper_ingot":28,"minecraft:birch_planks":44,"minecraft:stone_axe":1,"iceandfire:armor_copper_metal_boots":1,"minecraft:cooked_mutton":2,"minecraft:air":0,"iceandfire:armor_copper_metal_helmet":1,"minecraft:spruce_trapdoor":2,"minecraft:charcoal":3,"spartanweaponry:copper_scythe":1,"minecraft:spruce_slab":6,"minecraft:stick":28,"iceandfire:armor_copper_metal_chestplate":1,"minecraft:iron_pickaxe":1,"minecraft:stone_pickaxe":1,"minecraft:wooden_axe":1,"minecraft:chest":1,"backpacked:spruce_backpack_shelf":4,"minecraft:torch":8,"minecraft:smoker":1},"minecraft:picked_up":{"minecraft:stripped_oak_log":4,"minecraft:birch_log":11,"minecraft:charcoal":4,"minecraft:crafting_table":3,"minecraft:feather":5,"minecraft:chicken":4,"minecraft:leather":4,"minecraft:stone_brick_stairs":1,"minecraft:smooth_sandstone_stairs":1,"minecraft:oak_log":35,"minecraft:raw_copper":64,"iceandfire:manuscript":14,"minecraft:dirt":14,"minecraft:smooth_sandstone":3,"minecraft:bone":4,"minecraft:stone_bricks":4,"iceandfire:graveyard_soil":2,"minecraft:gold_nugget":2,"minecraft:beef":1,"minecraft:iron_ingot":4,"minecraft:cobweb":3,"alexsmobs:raccoon_tail":2,"minecraft:birch_sapling":3,"minecraft:oak_planks":4,"minecraft:egg":1,"minecraft:furnace":3,"minecraft:stick":13,"iceandfire:ghost_chest":2,"minecraft:torch":4,"minecraft:note_block":3,"minecraft:porkchop":2,"minecraft:spruce_sapling":3,"minecraft:spruce_log":17,"minecraft:mossy_cobblestone":1,"iceandfire:silver_ingot":2,"minecraft:rotten_flesh":13,"backpacked:spruce_backpack_shelf":4,"minecraft:bone_meal":45,"minecraft:coal":29,"minecraft:oak_sapling":12,"iceandfire:raw_silver":7,"minecraft:bricks":2,"minecraft:iron_bars":1,"minecraft:skeleton_skull":1,"minecraft:bone_block":36,"minecraft:cobblestone":36}},"DataVersion":3465}