{"stats":{"minecraft:killed":{"iceandfire:ghost":1},"minecraft:used":{"minecraft:cooked_mutton":2,"minecraft:wooden_axe":32,"minecraft:wooden_pickaxe":14,"minecraft:iron_boots":1,"minecraft:spruce_sapling":3,"minecraft:crafting_table":2,"minecraft:chainmail_chestplate":1},"minecraft:mined":{"minecraft:spruce_log":4,"treechop:chopped_log":3,"minecraft:crafting_table":1,"minecraft:grass":5,"minecraft:grass_block":2,"minecraft:oak_log":3,"minecraft:vine":1,"minecraft:dirt":6,"minecraft:cobblestone":2,"farmersdelight:wild_cabbages":1,"minecraft:spruce_leaves":2,"biomesoplenty:sprout":2,"minecraft:stone":9,"minecraft:oak_leaves":3},"minecraft:custom":{"minecraft:time_since_rest":13544,"minecraft:interact_with_furnace":3,"minecraft:sprint_one_cm":23654,"minecraft:damage_taken":192,"minecraft:walk_one_cm":34432,"minecraft:trigger_trapped_chest":2,"minecraft:mob_kills":1,"minecraft:drop":2,"minecraft:damage_dealt":572,"minecraft:interact_with_crafting_table":2,"minecraft:swim_one_cm":1630,"minecraft:fly_one_cm":91939,"minecraft:open_chest":2,"minecraft:crouch_one_cm":1274,"minecraft:play_time":13544,"minecraft:sneak_time":569,"minecraft:walk_under_water_one_cm":312,"minecraft:jump":379,"minecraft:walk_on_water_one_cm":732,"minecraft:time_since_death":13544,"minecraft:total_world_time":13544,"minecraft:fall_one_cm":10153},"minecraft:dropped":{"minecraft:skeleton_skull":2},"minecraft:crafted":{"minecraft:oak_planks":12,"minecraft:crafting_table":1,"minecraft:spruce_planks":52,"minecraft:stick":8,"minecraft:wooden_pickaxe":1,"minecraft:wooden_axe":1,"minecraft:birch_planks":44,"minecraft:stone_axe":1,"minecraft:air":0,"minecraft:cooked_mutton":2},"minecraft:picked_up":{"minecraft:birch_log":11,"minecraft:stick":2,"minecraft:crafting_table":1,"minecraft:oak_log":3,"minecraft:spruce_sapling":3,"minecraft:spruce_log":17,"minecraft:dirt":8,"minecraft:birch_sapling":2,"minecraft:iron_bars":1,"minecraft:skeleton_skull":1,"minecraft:cobblestone":11}},"DataVersion":3465}