{"stats":{"minecraft:killed":{"iceandfire:ghost":3,"minecraft:chicken":1},"minecraft:used":{"minecraft:cooked_mutton":2,"minecraft:stone_pickaxe":65,"minecraft:chest":1,"minecraft:wooden_pickaxe":14,"minecraft:cooked_chicken":1,"minecraft:mossy_cobblestone":1,"minecraft:dirt":2,"minecraft:crafting_table":4,"minecraft:chainmail_chestplate":1,"minecraft:wooden_axe":32,"iceandfire:ghost_chest":1,"minecraft:iron_boots":1,"minecraft:spruce_sapling":3,"minecraft:stone_axe":30,"minecraft:cobblestone":1,"minecraft:furnace":3},"minecraft:mined":{"iceandfire:graveyard_soil":1,"minecraft:mossy_cobblestone":1,"minecraft:smooth_sandstone":3,"minecraft:crafting_table":3,"minecraft:note_block":3,"minecraft:grass_block":2,"iceandfire:ghost_chest":2,"minecraft:campfire":1,"minecraft:cobblestone":6,"minecraft:tall_grass":1,"farmersdelight:wild_cabbages":1,"minecraft:spruce_leaves":2,"biomesoplenty:sprout":2,"minecraft:oak_planks":2,"minecraft:bricks":2,"minecraft:furnace":2,"minecraft:spruce_log":4,"treechop:chopped_log":4,"minecraft:stone_brick_stairs":1,"minecraft:grass":7,"minecraft:oak_log":4,"minecraft:vine":2,"minecraft:dirt":6,"minecraft:smooth_sandstone_stairs":1,"minecraft:stone_bricks":4,"minecraft:stone":12,"minecraft:bone_block":37,"minecraft:oak_leaves":3},"minecraft:custom":{"minecraft:interact_with_furnace":13,"minecraft:mob_kills":4,"minecraft:tune_noteblock":7,"minecraft:interact_with_crafting_table":6,"minecraft:time_since_death":25544,"minecraft:climb_one_cm":2163,"minecraft:time_since_rest":25544,"minecraft:sprint_one_cm":41721,"minecraft:damage_taken":238,"minecraft:walk_one_cm":72202,"minecraft:trigger_trapped_chest":4,"minecraft:drop":13,"minecraft:damage_dealt":1211,"minecraft:play_noteblock":4,"minecraft:swim_one_cm":1630,"minecraft:fly_one_cm":131440,"minecraft:open_chest":7,"minecraft:crouch_one_cm":4080,"minecraft:play_time":25544,"minecraft:sneak_time":1317,"minecraft:walk_under_water_one_cm":312,"minecraft:jump":573,"minecraft:walk_on_water_one_cm":732,"minecraft:total_world_time":25544,"minecraft:fall_one_cm":16063},"minecraft:dropped":{"minecraft:oak_log":9,"minecraft:cobblestone":1,"minecraft:leather":1,"minecraft:dirt":6,"minecraft:skeleton_skull":2,"minecraft:gold_nugget":2},"minecraft:crafted":{"minecraft:oak_planks":74,"minecraft:crafting_table":1,"minecraft:spruce_planks":52,"minecraft:wooden_pickaxe":1,"minecraft:cooked_chicken":1,"minecraft:furnace":1,"minecraft:birch_planks":44,"minecraft:stone_axe":1,"minecraft:cooked_mutton":2,"minecraft:air":0,"minecraft:spruce_trapdoor":2,"minecraft:charcoal":1,"minecraft:spruce_slab":6,"minecraft:stick":8,"minecraft:stone_pickaxe":1,"minecraft:wooden_axe":1,"minecraft:chest":1},"minecraft:picked_up":{"minecraft:birch_log":11,"minecraft:charcoal":3,"minecraft:crafting_table":3,"minecraft:feather":2,"minecraft:chicken":1,"minecraft:leather":2,"minecraft:oak_log":35,"iceandfire:manuscript":14,"minecraft:dirt":14,"minecraft:bone":4,"minecraft:stone_bricks":2,"iceandfire:graveyard_soil":2,"minecraft:gold_nugget":2,"minecraft:iron_ingot":4,"minecraft:cobweb":3,"minecraft:birch_sapling":3,"minecraft:oak_planks":4,"minecraft:furnace":2,"minecraft:stick":13,"iceandfire:ghost_chest":2,"minecraft:note_block":3,"minecraft:spruce_sapling":3,"minecraft:spruce_log":17,"minecraft:mossy_cobblestone":1,"iceandfire:silver_ingot":2,"minecraft:rotten_flesh":13,"minecraft:bone_meal":45,"minecraft:oak_sapling":12,"minecraft:bricks":2,"minecraft:iron_bars":1,"minecraft:skeleton_skull":1,"minecraft:bone_block":36,"minecraft:cobblestone":17}},"DataVersion":3465}