{"stats":{"minecraft:killed":{"alexsmobs:raccoon":1,"minecraft:spider":1,"minecraft:skeleton":1,"minecraft:chicken":6,"minecraft:pig":1,"iceandfire:ghost":3,"minecraft:cow":2},"minecraft:used":{"minecraft:iron_bars":1,"iceandfire:armor_copper_metal_leggings":2,"minecraft:chest":2,"minecraft:spruce_planks":16,"minecraft:stone_hoe":10,"minecraft:cooked_chicken":5,"minecraft:smooth_sandstone_stairs":1,"minecraft:rotten_flesh":4,"minecraft:torch":13,"iceandfire:armor_copper_metal_boots":1,"minecraft:dirt":2,"minecraft:chainmail_chestplate":1,"backpacked:spruce_backpack_shelf":1,"minecraft:wooden_axe":32,"minecraft:smooth_sandstone":3,"iceandfire:ghost_chest":1,"minecraft:iron_boots":1,"iceandfire:armor_copper_metal_helmet":1,"minecraft:furnace":4,"minecraft:egg":1,"minecraft:cooked_beef":2,"minecraft:wheat_seeds":5,"minecraft:cooked_mutton":2,"minecraft:stone_pickaxe":66,"minecraft:wooden_pickaxe":14,"minecraft:mossy_cobblestone":1,"minecraft:crafting_table":5,"minecraft:note_block":3,"minecraft:smoker":1,"minecraft:oak_log":4,"iceandfire:armor_copper_metal_chestplate":1,"minecraft:iron_pickaxe":118,"spartanweaponry:copper_scythe":11,"minecraft:spruce_sapling":3,"minecraft:stone_axe":49,"minecraft:cobblestone":32,"minecraft:porkchop":1,"minecraft:cooked_porkchop":1},"minecraft:mined":{"iceandfire:graveyard_soil":1,"iceandfire:silver_ore":12,"minecraft:mossy_cobblestone":1,"minecraft:grass_block":2,"farmersdelight:wild_cabbages":1,"minecraft:spruce_leaves":2,"minecraft:furnace":3,"minecraft:iron_ore":13,"treechop:chopped_log":4,"minecraft:vine":2,"minecraft:stripped_oak_log":4,"minecraft:smooth_sandstone_stairs":1,"minecraft:stone":51,"minecraft:bone_block":37,"minecraft:crafting_table":3,"minecraft:smooth_sandstone":3,"minecraft:torch":3,"minecraft:note_block":3,"iceandfire:ghost_chest":2,"minecraft:campfire":1,"minecraft:tall_grass":12,"minecraft:copper_ore":19,"minecraft:cobblestone":6,"biomesoplenty:sprout":2,"minecraft:oak_planks":2,"minecraft:bricks":2,"minecraft:wall_torch":2,"minecraft:spruce_log":4,"minecraft:stripped_oak_wood":2,"minecraft:stone_brick_stairs":1,"minecraft:grass":30,"minecraft:oak_log":4,"minecraft:coal_ore":34,"minecraft:sand":2,"minecraft:dirt":6,"minecraft:stone_bricks":5,"minecraft:oak_leaves":3},"minecraft:custom":{"minecraft:mob_kills":15,"minecraft:interact_with_crafting_table":21,"minecraft:time_since_death":9986,"minecraft:climb_one_cm":10745,"minecraft:sprint_one_cm":151679,"minecraft:walk_one_cm":187807,"minecraft:drop":21,"minecraft:play_noteblock":4,"minecraft:play_time":73544,"minecraft:deaths":3,"minecraft:sneak_time":4097,"minecraft:walk_under_water_one_cm":3547,"minecraft:jump":1794,"minecraft:walk_on_water_one_cm":4447,"minecraft:total_world_time":73544,"minecraft:interact_with_furnace":56,"minecraft:tune_noteblock":8,"minecraft:time_since_rest":10013,"minecraft:damage_taken":1393,"minecraft:trigger_trapped_chest":4,"minecraft:damage_dealt":2352,"minecraft:swim_one_cm":8315,"minecraft:fly_one_cm":413555,"minecraft:open_chest":47,"minecraft:crouch_one_cm":14088,"minecraft:interact_with_smoker":15,"minecraft:fall_one_cm":56081},"minecraft:killed_by":{"minecraft:creeper":1,"minecraft:skeleton":1,"alexsmobs:grizzly_bear":1},"minecraft:dropped":{"minecraft:oak_log":9,"minecraft:cobblestone":1,"minecraft:leather":1,"minecraft:dirt":6,"backpacked:spruce_backpack_shelf":4,"minecraft:gold_nugget":2,"minecraft:iron_pickaxe":1,"alexsmobs:raccoon_tail":2,"minecraft:skeleton_skull":2,"minecraft:arrow":2,"minecraft:bow":2},"minecraft:crafted":{"minecraft:oak_planks":82,"minecraft:cooked_chicken":5,"minecraft:furnace":2,"iceandfire:armor_copper_metal_leggings":1,"minecraft:cooked_mutton":2,"iceandfire:armor_copper_metal_helmet":1,"iceandfire:armor_copper_metal_boots":1,"minecraft:spruce_slab":6,"minecraft:stone_pickaxe":1,"iceandfire:armor_copper_metal_chestplate":1,"minecraft:chest":2,"backpacked:spruce_backpack_shelf":4,"minecraft:stone_hoe":1,"minecraft:smoker":1,"minecraft:cooked_beef":2,"minecraft:cooked_porkchop":1,"iceandfire:silver_ingot":7,"spartanweaponry:pole":4,"minecraft:crafting_table":2,"minecraft:spruce_planks":52,"minecraft:wooden_pickaxe":1,"minecraft:copper_ingot":52,"minecraft:birch_planks":44,"minecraft:stone_axe":1,"minecraft:air":0,"minecraft:spruce_trapdoor":2,"minecraft:charcoal":3,"spartanweaponry:copper_scythe":1,"minecraft:stick":36,"minecraft:iron_pickaxe":1,"minecraft:wooden_axe":1,"minecraft:torch":8,"iceandfire:silver_pickaxe":1},"minecraft:picked_up":{"minecraft:charcoal":4,"minecraft:crafting_table":3,"minecraft:chicken":5,"minecraft:stone_brick_stairs":1,"iceandfire:manuscript":14,"minecraft:string":1,"minecraft:raw_copper":69,"iceandfire:graveyard_soil":2,"minecraft:gold_nugget":2,"minecraft:beef":2,"minecraft:iron_pickaxe":1,"alexsmobs:raccoon_tail":2,"minecraft:birch_sapling":3,"minecraft:furnace":3,"minecraft:egg":1,"minecraft:stick":13,"minecraft:raw_iron":13,"iceandfire:ghost_chest":2,"minecraft:torch":5,"minecraft:note_block":3,"minecraft:porkchop":2,"iceandfire:silver_ingot":2,"minecraft:arrow":3,"minecraft:rotten_flesh":14,"backpacked:spruce_backpack_shelf":4,"supplementaries:ash":3,"minecraft:iron_bars":1,"minecraft:cobblestone":60,"minecraft:skeleton_skull":2,"minecraft:bone_block":36,"minecraft:birch_log":11,"minecraft:stripped_oak_log":4,"minecraft:feather":6,"minecraft:leather":6,"minecraft:smooth_sandstone_stairs":1,"minecraft:oak_log":35,"minecraft:dirt":14,"minecraft:smooth_sandstone":3,"minecraft:bone":5,"minecraft:stone_bricks":5,"minecraft:bow":2,"minecraft:wheat_seeds":5,"minecraft:iron_ingot":4,"minecraft:cobweb":3,"minecraft:stripped_oak_wood":2,"minecraft:oak_planks":4,"minecraft:gravel":1,"minecraft:spruce_sapling":3,"minecraft:spruce_log":17,"minecraft:mossy_cobblestone":1,"minecraft:bone_meal":45,"minecraft:oak_sapling":12,"minecraft:bricks":2,"minecraft:coal":33,"iceandfire:raw_silver":12}},"DataVersion":3465}